"Record Type","Batch","Staff Ref","Staff Name (fill from verified payroll)","POS Deposit Amount (leave blank until evidenced)","Payment Method","Placeholder Reference (NOT A RECEIPT)","Verification Status","Verification Note"
"SIMULATED TEMPLATE ONLY","DM 2","001","","","POS Deposit","SIMULATED-NOT-A-RECEIPT-DM2-001","Pending Verification","No actual POS payment is evidenced. Enter amount/date/merchant/receipt only after checking real records."
"SIMULATED TEMPLATE ONLY","DM 2","002","","","POS Deposit","SIMULATED-NOT-A-RECEIPT-DM2-002","Pending Verification","No actual POS payment is evidenced. Enter amount/date/merchant/receipt only after checking real records."
"SIMULATED TEMPLATE ONLY","DM 2","003","","","POS Deposit","SIMULATED-NOT-A-RECEIPT-DM2-003","Pending Verification","No actual POS payment is evidenced. Enter amount/date/merchant/receipt only after checking real records."
"SIMULATED TEMPLATE ONLY","DM 2","004","","","POS Deposit","SIMULATED-NOT-A-RECEIPT-DM2-004","Pending Verification","No actual POS payment is evidenced. Enter amount/date/merchant/receipt only after checking real records."
"SIMULATED TEMPLATE ONLY","DM 2","005","","","POS Deposit","SIMULATED-NOT-A-RECEIPT-DM2-005","Pending Verification","No actual POS payment is evidenced. Enter amount/date/merchant/receipt only after checking real records."
"SIMULATED TEMPLATE ONLY","DM 2","006","","","POS Deposit","SIMULATED-NOT-A-RECEIPT-DM2-006","Pending Verification","No actual POS payment is evidenced. Enter amount/date/merchant/receipt only after checking real records."
"SIMULATED TEMPLATE ONLY","DM 2","007","","","POS Deposit","SIMULATED-NOT-A-RECEIPT-DM2-007","Pending Verification","No actual POS payment is evidenced. Enter amount/date/merchant/receipt only after checking real records."
"SIMULATED TEMPLATE ONLY","DM 2","008","","","POS Deposit","SIMULATED-NOT-A-RECEIPT-DM2-008","Pending Verification","No actual POS payment is evidenced. Enter amount/date/merchant/receipt only after checking real records."
"SIMULATED TEMPLATE ONLY","DM 2","009","","","POS Deposit","SIMULATED-NOT-A-RECEIPT-DM2-009","Pending Verification","No actual POS payment is evidenced. Enter amount/date/merchant/receipt only after checking real records."
"SIMULATED TEMPLATE ONLY","DM 2","010","","","POS Deposit","SIMULATED-NOT-A-RECEIPT-DM2-010","Pending Verification","No actual POS payment is evidenced. Enter amount/date/merchant/receipt only after checking real records."
"SIMULATED TEMPLATE ONLY","DM 2","011","","","POS Deposit","SIMULATED-NOT-A-RECEIPT-DM2-011","Pending Verification","No actual POS payment is evidenced. Enter amount/date/merchant/receipt only after checking real records."
"SIMULATED TEMPLATE ONLY","DM 2","012","","","POS Deposit","SIMULATED-NOT-A-RECEIPT-DM2-012","Pending Verification","No actual POS payment is evidenced. Enter amount/date/merchant/receipt only after checking real records."
"SIMULATED TEMPLATE ONLY","DM 2","013","","","POS Deposit","SIMULATED-NOT-A-RECEIPT-DM2-013","Pending Verification","No actual POS payment is evidenced. Enter amount/date/merchant/receipt only after checking real records."
"SIMULATED TEMPLATE ONLY","DM 2","014","","","POS Deposit","SIMULATED-NOT-A-RECEIPT-DM2-014","Pending Verification","No actual POS payment is evidenced. Enter amount/date/merchant/receipt only after checking real records."
"SIMULATED TEMPLATE ONLY","DM 2","015","","","POS Deposit","SIMULATED-NOT-A-RECEIPT-DM2-015","Pending Verification","No actual POS payment is evidenced. Enter amount/date/merchant/receipt only after checking real records."
"SIMULATED TEMPLATE ONLY","DM 2","016","","","POS Deposit","SIMULATED-NOT-A-RECEIPT-DM2-016","Pending Verification","No actual POS payment is evidenced. Enter amount/date/merchant/receipt only after checking real records."
"SIMULATED TEMPLATE ONLY","DM 2","017","","","POS Deposit","SIMULATED-NOT-A-RECEIPT-DM2-017","Pending Verification","No actual POS payment is evidenced. Enter amount/date/merchant/receipt only after checking real records."
"SIMULATED TEMPLATE ONLY","DM 2","018","","","POS Deposit","SIMULATED-NOT-A-RECEIPT-DM2-018","Pending Verification","No actual POS payment is evidenced. Enter amount/date/merchant/receipt only after checking real records."
"SIMULATED TEMPLATE ONLY","DM 2","019","","","POS Deposit","SIMULATED-NOT-A-RECEIPT-DM2-019","Pending Verification","No actual POS payment is evidenced. Enter amount/date/merchant/receipt only after checking real records."
"SIMULATED TEMPLATE ONLY","DM 2","020","","","POS Deposit","SIMULATED-NOT-A-RECEIPT-DM2-020","Pending Verification","No actual POS payment is evidenced. Enter amount/date/merchant/receipt only after checking real records."
"SIMULATED TEMPLATE ONLY","DM 2","021","","","POS Deposit","SIMULATED-NOT-A-RECEIPT-DM2-021","Pending Verification","No actual POS payment is evidenced. Enter amount/date/merchant/receipt only after checking real records."
"SIMULATED TEMPLATE ONLY","DM 2","022","","","POS Deposit","SIMULATED-NOT-A-RECEIPT-DM2-022","Pending Verification","No actual POS payment is evidenced. Enter amount/date/merchant/receipt only after checking real records."
"SIMULATED TEMPLATE ONLY","DM 2","023","","","POS Deposit","SIMULATED-NOT-A-RECEIPT-DM2-023","Pending Verification","No actual POS payment is evidenced. Enter amount/date/merchant/receipt only after checking real records."
"SIMULATED TEMPLATE ONLY","DM 2","024","","","POS Deposit","SIMULATED-NOT-A-RECEIPT-DM2-024","Pending Verification","No actual POS payment is evidenced. Enter amount/date/merchant/receipt only after checking real records."
"SIMULATED TEMPLATE ONLY","DM 2","025","","","POS Deposit","SIMULATED-NOT-A-RECEIPT-DM2-025","Pending Verification","No actual POS payment is evidenced. Enter amount/date/merchant/receipt only after checking real records."
"SIMULATED TEMPLATE ONLY","DM 2","026","","","POS Deposit","SIMULATED-NOT-A-RECEIPT-DM2-026","Pending Verification","No actual POS payment is evidenced. Enter amount/date/merchant/receipt only after checking real records."
"SIMULATED TEMPLATE ONLY","DM 2","027","","","POS Deposit","SIMULATED-NOT-A-RECEIPT-DM2-027","Pending Verification","No actual POS payment is evidenced. Enter amount/date/merchant/receipt only after checking real records."
"SIMULATED TEMPLATE ONLY","DM 2","028","","","POS Deposit","SIMULATED-NOT-A-RECEIPT-DM2-028","Pending Verification","No actual POS payment is evidenced. Enter amount/date/merchant/receipt only after checking real records."
"SIMULATED TEMPLATE ONLY","DM 2","029","","","POS Deposit","SIMULATED-NOT-A-RECEIPT-DM2-029","Pending Verification","No actual POS payment is evidenced. Enter amount/date/merchant/receipt only after checking real records."
"SIMULATED TEMPLATE ONLY","DM 2","030","","","POS Deposit","SIMULATED-NOT-A-RECEIPT-DM2-030","Pending Verification","No actual POS payment is evidenced. Enter amount/date/merchant/receipt only after checking real records."
"SIMULATED TEMPLATE ONLY","DM 2","031","","","POS Deposit","SIMULATED-NOT-A-RECEIPT-DM2-031","Pending Verification","No actual POS payment is evidenced. Enter amount/date/merchant/receipt only after checking real records."
"SIMULATED TEMPLATE ONLY","DM 2","032","","","POS Deposit","SIMULATED-NOT-A-RECEIPT-DM2-032","Pending Verification","No actual POS payment is evidenced. Enter amount/date/merchant/receipt only after checking real records."
"SIMULATED TEMPLATE ONLY","DM 2","033","","","POS Deposit","SIMULATED-NOT-A-RECEIPT-DM2-033","Pending Verification","No actual POS payment is evidenced. Enter amount/date/merchant/receipt only after checking real records."
"SIMULATED TEMPLATE ONLY","DM 2","034","","","POS Deposit","SIMULATED-NOT-A-RECEIPT-DM2-034","Pending Verification","No actual POS payment is evidenced. Enter amount/date/merchant/receipt only after checking real records."
"SIMULATED TEMPLATE ONLY","DM 2","035","","","POS Deposit","SIMULATED-NOT-A-RECEIPT-DM2-035","Pending Verification","No actual POS payment is evidenced. Enter amount/date/merchant/receipt only after checking real records."
"SIMULATED TEMPLATE ONLY","DM 2","036","","","POS Deposit","SIMULATED-NOT-A-RECEIPT-DM2-036","Pending Verification","No actual POS payment is evidenced. Enter amount/date/merchant/receipt only after checking real records."
"SIMULATED TEMPLATE ONLY","DM 2","037","","","POS Deposit","SIMULATED-NOT-A-RECEIPT-DM2-037","Pending Verification","No actual POS payment is evidenced. Enter amount/date/merchant/receipt only after checking real records."
"SIMULATED TEMPLATE ONLY","DM 2","038","","","POS Deposit","SIMULATED-NOT-A-RECEIPT-DM2-038","Pending Verification","No actual POS payment is evidenced. Enter amount/date/merchant/receipt only after checking real records."
"SIMULATED TEMPLATE ONLY","DM 2","039","","","POS Deposit","SIMULATED-NOT-A-RECEIPT-DM2-039","Pending Verification","No actual POS payment is evidenced. Enter amount/date/merchant/receipt only after checking real records."
"SIMULATED TEMPLATE ONLY","DM 2","040","","","POS Deposit","SIMULATED-NOT-A-RECEIPT-DM2-040","Pending Verification","No actual POS payment is evidenced. Enter amount/date/merchant/receipt only after checking real records."
"SIMULATED TEMPLATE ONLY","DM 2","041","","","POS Deposit","SIMULATED-NOT-A-RECEIPT-DM2-041","Pending Verification","No actual POS payment is evidenced. Enter amount/date/merchant/receipt only after checking real records."
"SIMULATED TEMPLATE ONLY","DM 2","042","","","POS Deposit","SIMULATED-NOT-A-RECEIPT-DM2-042","Pending Verification","No actual POS payment is evidenced. Enter amount/date/merchant/receipt only after checking real records."
"SIMULATED TEMPLATE ONLY","DM 2","043","","","POS Deposit","SIMULATED-NOT-A-RECEIPT-DM2-043","Pending Verification","No actual POS payment is evidenced. Enter amount/date/merchant/receipt only after checking real records."
"SIMULATED TEMPLATE ONLY","DM 2","044","","","POS Deposit","SIMULATED-NOT-A-RECEIPT-DM2-044","Pending Verification","No actual POS payment is evidenced. Enter amount/date/merchant/receipt only after checking real records."
"SIMULATED TEMPLATE ONLY","DM 2","045","","","POS Deposit","SIMULATED-NOT-A-RECEIPT-DM2-045","Pending Verification","No actual POS payment is evidenced. Enter amount/date/merchant/receipt only after checking real records."
"SIMULATED TEMPLATE ONLY","DM 2","046","","","POS Deposit","SIMULATED-NOT-A-RECEIPT-DM2-046","Pending Verification","No actual POS payment is evidenced. Enter amount/date/merchant/receipt only after checking real records."
"SIMULATED TEMPLATE ONLY","DM 2","047","","","POS Deposit","SIMULATED-NOT-A-RECEIPT-DM2-047","Pending Verification","No actual POS payment is evidenced. Enter amount/date/merchant/receipt only after checking real records."
"SIMULATED TEMPLATE ONLY","DM 2","048","","","POS Deposit","SIMULATED-NOT-A-RECEIPT-DM2-048","Pending Verification","No actual POS payment is evidenced. Enter amount/date/merchant/receipt only after checking real records."
"SIMULATED TEMPLATE ONLY","DM 2","049","","","POS Deposit","SIMULATED-NOT-A-RECEIPT-DM2-049","Pending Verification","No actual POS payment is evidenced. Enter amount/date/merchant/receipt only after checking real records."
"SIMULATED TEMPLATE ONLY","DM 2","050","","","POS Deposit","SIMULATED-NOT-A-RECEIPT-DM2-050","Pending Verification","No actual POS payment is evidenced. Enter amount/date/merchant/receipt only after checking real records."
"SIMULATED TEMPLATE ONLY","DM 2","051","","","POS Deposit","SIMULATED-NOT-A-RECEIPT-DM2-051","Pending Verification","No actual POS payment is evidenced. Enter amount/date/merchant/receipt only after checking real records."
"SIMULATED TEMPLATE ONLY","DM 2","052","","","POS Deposit","SIMULATED-NOT-A-RECEIPT-DM2-052","Pending Verification","No actual POS payment is evidenced. Enter amount/date/merchant/receipt only after checking real records."
"SIMULATED TEMPLATE ONLY","DM 2","053","","","POS Deposit","SIMULATED-NOT-A-RECEIPT-DM2-053","Pending Verification","No actual POS payment is evidenced. Enter amount/date/merchant/receipt only after checking real records."
"SIMULATED TEMPLATE ONLY","DM 2","054","","","POS Deposit","SIMULATED-NOT-A-RECEIPT-DM2-054","Pending Verification","No actual POS payment is evidenced. Enter amount/date/merchant/receipt only after checking real records."
"SIMULATED TEMPLATE ONLY","DM 2","055","","","POS Deposit","SIMULATED-NOT-A-RECEIPT-DM2-055","Pending Verification","No actual POS payment is evidenced. Enter amount/date/merchant/receipt only after checking real records."
"SIMULATED TEMPLATE ONLY","DM 2","056","","","POS Deposit","SIMULATED-NOT-A-RECEIPT-DM2-056","Pending Verification","No actual POS payment is evidenced. Enter amount/date/merchant/receipt only after checking real records."
"SIMULATED TEMPLATE ONLY","DM 2","057","","","POS Deposit","SIMULATED-NOT-A-RECEIPT-DM2-057","Pending Verification","No actual POS payment is evidenced. Enter amount/date/merchant/receipt only after checking real records."
"SIMULATED TEMPLATE ONLY","DM 2","058","","","POS Deposit","SIMULATED-NOT-A-RECEIPT-DM2-058","Pending Verification","No actual POS payment is evidenced. Enter amount/date/merchant/receipt only after checking real records."
"SIMULATED TEMPLATE ONLY","DM 2","059","","","POS Deposit","SIMULATED-NOT-A-RECEIPT-DM2-059","Pending Verification","No actual POS payment is evidenced. Enter amount/date/merchant/receipt only after checking real records."
"SIMULATED TEMPLATE ONLY","DM 2","060","","","POS Deposit","SIMULATED-NOT-A-RECEIPT-DM2-060","Pending Verification","No actual POS payment is evidenced. Enter amount/date/merchant/receipt only after checking real records."
"SIMULATED TEMPLATE ONLY","DM 2","061","","","POS Deposit","SIMULATED-NOT-A-RECEIPT-DM2-061","Pending Verification","No actual POS payment is evidenced. Enter amount/date/merchant/receipt only after checking real records."
"SIMULATED TEMPLATE ONLY","DM 2","062","","","POS Deposit","SIMULATED-NOT-A-RECEIPT-DM2-062","Pending Verification","No actual POS payment is evidenced. Enter amount/date/merchant/receipt only after checking real records."
"SIMULATED TEMPLATE ONLY","DM 2","063","","","POS Deposit","SIMULATED-NOT-A-RECEIPT-DM2-063","Pending Verification","No actual POS payment is evidenced. Enter amount/date/merchant/receipt only after checking real records."
"SIMULATED TEMPLATE ONLY","DM 2","064","","","POS Deposit","SIMULATED-NOT-A-RECEIPT-DM2-064","Pending Verification","No actual POS payment is evidenced. Enter amount/date/merchant/receipt only after checking real records."
"SIMULATED TEMPLATE ONLY","DM 2","065","","","POS Deposit","SIMULATED-NOT-A-RECEIPT-DM2-065","Pending Verification","No actual POS payment is evidenced. Enter amount/date/merchant/receipt only after checking real records."
"SIMULATED TEMPLATE ONLY","DM 2","066","","","POS Deposit","SIMULATED-NOT-A-RECEIPT-DM2-066","Pending Verification","No actual POS payment is evidenced. Enter amount/date/merchant/receipt only after checking real records."
"SIMULATED TEMPLATE ONLY","DM 2","067","","","POS Deposit","SIMULATED-NOT-A-RECEIPT-DM2-067","Pending Verification","No actual POS payment is evidenced. Enter amount/date/merchant/receipt only after checking real records."
"SIMULATED TEMPLATE ONLY","DM 2","068","","","POS Deposit","SIMULATED-NOT-A-RECEIPT-DM2-068","Pending Verification","No actual POS payment is evidenced. Enter amount/date/merchant/receipt only after checking real records."
"SIMULATED TEMPLATE ONLY","DM 2","069","","","POS Deposit","SIMULATED-NOT-A-RECEIPT-DM2-069","Pending Verification","No actual POS payment is evidenced. Enter amount/date/merchant/receipt only after checking real records."
